name,danceability,energy,liveness,valence
default,0,0,0,0
Abba,-0.610773,1.34764,0.533602,1.24616
Country,-1.612884,-0.535034,0.225440,0.350232
Surprise,0.930107,1.396981,-0.077223,1.77295
ViolinDubstep,-0.616161,0.197537,-0.605528,-1.532756
Pop,0.924719,0.789668,-0.674248,0.388683
Lofi,-0.012739,1.165443,-1.051023,0.550181
